[
  {
    "id": "e382d6c4-8298-492a-9901-3c4cdd863bf5",
    "data": [
      {
        "text": "我不要",
        "userDefined": false
      }
    ],
    "isTemplate": false,
    "count": 0,
    "lang": "zh-tw",
    "updated": 0
  },
  {
    "id": "6a784a67-a2f3-49e1-b380-514f185a8101",
    "data": [
      {
        "text": "不用",
        "userDefined": false
      }
    ],
    "isTemplate": false,
    "count": 0,
    "lang": "zh-tw",
    "updated": 0
  },
  {
    "id": "b3a91a16-30c7-4180-ba8a-be971ab3c885",
    "data": [
      {
        "text": "不用了",
        "userDefined": false
      }
    ],
    "isTemplate": false,
    "count": 0,
    "lang": "zh-tw",
    "updated": 0
  },
  {
    "id": "8cfc11bc-bd8e-464f-9895-1aedf1176749",
    "data": [
      {
        "text": "不用謝謝",
        "userDefined": false
      }
    ],
    "isTemplate": false,
    "count": 0,
    "lang": "zh-tw",
    "updated": 0
  },
  {
    "id": "f64df99b-1bd2-4037-8d81-940bae28e2ee",
    "data": [
      {
        "text": "才不要哈哈",
        "userDefined": false
      }
    ],
    "isTemplate": false,
    "count": 0,
    "lang": "zh-tw",
    "updated": 0
  },
  {
    "id": "2e6cac01-9e7b-4736-903c-e4d481a668ff",
    "data": [
      {
        "text": "不要",
        "userDefined": false
      }
    ],
    "isTemplate": false,
    "count": 0,
    "lang": "zh-tw",
    "updated": 0
  },
  {
    "id": "aa8bb895-529e-490c-b119-029df3d4dfc9",
    "data": [
      {
        "text": "否",
        "userDefined": false
      }
    ],
    "isTemplate": false,
    "count": 0,
    "lang": "zh-tw",
    "updated": 0
  },
  {
    "id": "4d77dca7-a171-46fb-acf3-296bd4fd2eab",
    "data": [
      {
        "text": "不",
        "userDefined": false
      }
    ],
    "isTemplate": false,
    "count": 0,
    "lang": "zh-tw",
    "updated": 0
  },
  {
    "id": "74958825-71b0-44d9-a28b-9c069e2a4233",
    "data": [
      {
        "text": "不了",
        "userDefined": false
      }
    ],
    "isTemplate": false,
    "count": 1,
    "lang": "zh-tw",
    "updated": 0
  }
]