[
  {
    "id": "d78c3562-a0f0-4ace-bf45-08a49ea6f2db",
    "data": [
      {
        "text": "沒有，結帳吧",
        "userDefined": false
      }
    ],
    "isTemplate": false,
    "count": 0,
    "lang": "zh-tw",
    "updated": 0
  },
  {
    "id": "7e4740c7-8ad6-47c6-8d10-adc9c92799dd",
    "data": [
      {
        "text": "可以買單了",
        "userDefined": false
      }
    ],
    "isTemplate": false,
    "count": 0,
    "lang": "zh-tw",
    "updated": 0
  },
  {
    "id": "3582eeec-0a38-4f13-aa9d-e2153f92e548",
    "data": [
      {
        "text": "可以結帳了",
        "userDefined": false
      }
    ],
    "isTemplate": false,
    "count": 0,
    "lang": "zh-tw",
    "updated": 0
  },
  {
    "id": "96fd7520-00c1-4680-b7c7-8d330d4b3b96",
    "data": [
      {
        "text": "結帳吧",
        "userDefined": false
      }
    ],
    "isTemplate": false,
    "count": 0,
    "lang": "zh-tw",
    "updated": 0
  },
  {
    "id": "ff78b4a3-1a40-429a-96a1-3a2e292efb42",
    "data": [
      {
        "text": "買單",
        "userDefined": false
      }
    ],
    "isTemplate": false,
    "count": 0,
    "lang": "zh-tw",
    "updated": 0
  },
  {
    "id": "c6919754-efa4-4f10-bad1-16d6dd37bc29",
    "data": [
      {
        "text": "不用，就這樣",
        "userDefined": false
      }
    ],
    "isTemplate": false,
    "count": 0,
    "lang": "zh-tw",
    "updated": 0
  },
  {
    "id": "24ae75a8-30a8-457f-b9d1-5c32afc35dca",
    "data": [
      {
        "text": "沒有",
        "userDefined": false
      }
    ],
    "isTemplate": false,
    "count": 0,
    "lang": "zh-tw",
    "updated": 0
  },
  {
    "id": "e1c373e8-73c7-4d75-bb1b-7c8262ba20a5",
    "data": [
      {
        "text": "沒了，謝謝",
        "userDefined": false
      }
    ],
    "isTemplate": false,
    "count": 0,
    "lang": "zh-tw",
    "updated": 0
  },
  {
    "id": "015a0e3b-dc63-4a58-985b-f8b39dd52775",
    "data": [
      {
        "text": "否",
        "userDefined": false
      }
    ],
    "isTemplate": false,
    "count": 0,
    "lang": "zh-tw",
    "updated": 0
  },
  {
    "id": "656afd17-94d6-4b82-abc1-5574ecb3e77e",
    "data": [
      {
        "text": "無",
        "userDefined": false
      }
    ],
    "isTemplate": false,
    "count": 0,
    "lang": "zh-tw",
    "updated": 0
  },
  {
    "id": "77baabf3-65f8-4f9c-b845-dbe3bc4ccdac",
    "data": [
      {
        "text": "不用",
        "userDefined": false
      }
    ],
    "isTemplate": false,
    "count": 0,
    "lang": "zh-tw",
    "updated": 0
  },
  {
    "id": "4aaa570f-2bbd-44df-a43e-5531f806c21a",
    "data": [
      {
        "text": "沒了",
        "userDefined": false
      }
    ],
    "isTemplate": false,
    "count": 0,
    "lang": "zh-tw",
    "updated": 0
  },
  {
    "id": "8c3bd061-8f48-4311-8111-5adc7200ecda",
    "data": [
      {
        "text": "就這樣了。",
        "userDefined": false
      }
    ],
    "isTemplate": false,
    "count": 0,
    "lang": "zh-tw",
    "updated": 0
  }
]