[
  {
    "id": "ad8e9db7-2e56-4df8-909b-48d652b8e6d5",
    "data": [
      {
        "text": "我需要檢視一下我剛剛下的訂單，請問可以協助我查看一下嗎？",
        "userDefined": false
      }
    ],
    "isTemplate": false,
    "count": 0,
    "lang": "zh-tw",
    "updated": 0
  },
  {
    "id": "f403567e-f551-4675-80df-0bcf23bc9dcb",
    "data": [
      {
        "text": "可以幫我找一下我的訂單，我想確認一下內容。",
        "userDefined": false
      }
    ],
    "isTemplate": false,
    "count": 0,
    "lang": "zh-tw",
    "updated": 0
  },
  {
    "id": "4936b093-b403-47f6-a742-2f6cf43af415",
    "data": [
      {
        "text": "我想查看一下我購買的商品訂單的詳細內容。",
        "userDefined": false
      }
    ],
    "isTemplate": false,
    "count": 0,
    "lang": "zh-tw",
    "updated": 0
  },
  {
    "id": "6f87e66d-4dd1-45cb-8bb0-906f1df3917b",
    "data": [
      {
        "text": "我希望能夠檢查一下我最近的購買訂單，能提供一下訂單資訊嗎？",
        "userDefined": false
      }
    ],
    "isTemplate": false,
    "count": 0,
    "lang": "zh-tw",
    "updated": 0
  },
  {
    "id": "5f2e7ea0-0ca4-484f-8472-d17ea176185d",
    "data": [
      {
        "text": "可以給我一個我購物訂單的摘要嗎？",
        "userDefined": false
      }
    ],
    "isTemplate": false,
    "count": 0,
    "lang": "zh-tw",
    "updated": 0
  },
  {
    "id": "bf0d4f11-63af-4e29-b140-99412040e59a",
    "data": [
      {
        "text": "我想確認一下我剛剛付款的訂單內容，可以協助我嗎？",
        "userDefined": false
      }
    ],
    "isTemplate": false,
    "count": 0,
    "lang": "zh-tw",
    "updated": 0
  },
  {
    "id": "cc6fe82d-6915-41f5-8de3-eb901870a0a8",
    "data": [
      {
        "text": "能否提供",
        "userDefined": false
      },
      {
        "text": "一",
        "userDefined": false
      },
      {
        "text": "份我最近購買商品的訂單明細？",
        "userDefined": false
      }
    ],
    "isTemplate": false,
    "count": 0,
    "lang": "zh-tw",
    "updated": 0
  },
  {
    "id": "c9445424-fb90-4961-9ad6-0f628e2106c5",
    "data": [
      {
        "text": "我需要了解一下我購買的產品的訂單詳情。",
        "userDefined": false
      }
    ],
    "isTemplate": false,
    "count": 0,
    "lang": "zh-tw",
    "updated": 0
  },
  {
    "id": "c63dae7f-ecba-4b6e-91a0-b56cd455d8bf",
    "data": [
      {
        "text": "可以幫我查詢一下我剛剛下的訂單嗎？",
        "userDefined": false
      }
    ],
    "isTemplate": false,
    "count": 0,
    "lang": "zh-tw",
    "updated": 0
  },
  {
    "id": "d7320282-2526-4518-8a42-01088c8f247f",
    "data": [
      {
        "text": "我能問一下關於我購買的商品的訂單情況嗎？",
        "userDefined": false
      }
    ],
    "isTemplate": false,
    "count": 1,
    "lang": "zh-tw",
    "updated": 0
  },
  {
    "id": "e32030eb-8356-42f4-a6bd-caae4b41ec6a",
    "data": [
      {
        "text": "可以給我提供一下我的購買訂單詳情嗎？",
        "userDefined": false
      }
    ],
    "isTemplate": false,
    "count": 0,
    "lang": "zh-tw",
    "updated": 0
  },
  {
    "id": "8d8ea935-2205-474d-91d8-cdf2bbd1c581",
    "data": [
      {
        "text": "我想追蹤一下我的購物訂單，請問可以提供一下訂單詳情嗎？",
        "userDefined": false
      }
    ],
    "isTemplate": false,
    "count": 0,
    "lang": "zh-tw",
    "updated": 0
  },
  {
    "id": "73f980c4-3778-4b0d-becb-e7a509cfe272",
    "data": [
      {
        "text": "我希望能夠檢視一下我剛剛下的訂單，可以幫我辦理一下嗎？",
        "userDefined": false
      }
    ],
    "isTemplate": false,
    "count": 0,
    "lang": "zh-tw",
    "updated": 0
  },
  {
    "id": "d4de928c-b885-44de-8118-5ba5d267426d",
    "data": [
      {
        "text": "能否請你幫我查看一下我在這裡購物的訂單？",
        "userDefined": false
      }
    ],
    "isTemplate": false,
    "count": 0,
    "lang": "zh-tw",
    "updated": 0
  },
  {
    "id": "57c4c846-c6f7-48b5-9e4c-5d749c4206b9",
    "data": [
      {
        "text": "我想確認一下我剛剛購買的訂單，可以提供一下訂單詳情嗎？",
        "userDefined": false
      }
    ],
    "isTemplate": false,
    "count": 0,
    "lang": "zh-tw",
    "updated": 0
  },
  {
    "id": "ded1a07f-e116-4941-a793-c288982c3ea3",
    "data": [
      {
        "text": "我希望能夠查看一下我的購物訂單，有辦法嗎？",
        "userDefined": false
      }
    ],
    "isTemplate": false,
    "count": 0,
    "lang": "zh-tw",
    "updated": 0
  },
  {
    "id": "531a8ece-fe17-4ff4-9d2c-a6d7ac8f8c4c",
    "data": [
      {
        "text": "我想查詢一下我的購物訂單，可以幫我辦理嗎？",
        "userDefined": false
      }
    ],
    "isTemplate": false,
    "count": 0,
    "lang": "zh-tw",
    "updated": 0
  },
  {
    "id": "c1796952-8429-426e-8947-7177c7ade2bd",
    "data": [
      {
        "text": "我想核對一下我的購買記錄，可以查看我的訂單嗎？",
        "userDefined": false
      }
    ],
    "isTemplate": false,
    "count": 0,
    "lang": "zh-tw",
    "updated": 0
  },
  {
    "id": "5fec2224-93f2-4160-aca8-ce8e4d1e185d",
    "data": [
      {
        "text": "能否告訴我關於我購物的訂單詳情？",
        "userDefined": false
      }
    ],
    "isTemplate": false,
    "count": 0,
    "lang": "zh-tw",
    "updated": 0
  },
  {
    "id": "1784d932-0f81-4e2d-8784-7dde31a1f21d",
    "data": [
      {
        "text": "我可以查看一下我的訂單嗎？",
        "userDefined": false
      }
    ],
    "isTemplate": false,
    "count": 0,
    "lang": "zh-tw",
    "updated": 0
  },
  {
    "id": "a50ccac2-5a4d-4d29-8b93-c845f07bcbb3",
    "data": [
      {
        "text": "我要看訂單",
        "userDefined": false
      }
    ],
    "isTemplate": false,
    "count": 0,
    "lang": "zh-tw",
    "updated": 0
  },
  {
    "id": "4ad02e48-1e6b-49fb-ac6d-5883b93ae669",
    "data": [
      {
        "text": "訂單詳情",
        "userDefined": false
      }
    ],
    "isTemplate": false,
    "count": 0,
    "lang": "zh-tw",
    "updated": 0
  },
  {
    "id": "5d6b3398-d891-40a7-b3df-122c97e3451b",
    "data": [
      {
        "text": "我要查看訂單。",
        "userDefined": false
      }
    ],
    "isTemplate": false,
    "count": 0,
    "lang": "zh-tw",
    "updated": 0
  }
]