[
  {
    "id": "734d0b46-0266-4605-b0fc-45591199cf74",
    "data": [
      {
        "text": "最近有新產品嗎？",
        "userDefined": false
      }
    ],
    "isTemplate": false,
    "count": 0,
    "lang": "zh-tw",
    "updated": 0
  },
  {
    "id": "2151751e-81a4-4a16-a5fe-8e0b021790b9",
    "data": [
      {
        "text": "你們有什麼新品？",
        "userDefined": false
      }
    ],
    "isTemplate": false,
    "count": 0,
    "lang": "zh-tw",
    "updated": 0
  },
  {
    "id": "8bc2dee5-6180-44fe-9cd9-716ced83d38e",
    "data": [
      {
        "text": "推薦一下新品",
        "userDefined": false
      }
    ],
    "isTemplate": false,
    "count": 0,
    "lang": "zh-tw",
    "updated": 0
  },
  {
    "id": "9fd6b4c5-ef59-44a7-a180-411a86216ab5",
    "data": [
      {
        "text": "新品推薦",
        "userDefined": false
      }
    ],
    "isTemplate": false,
    "count": 0,
    "lang": "zh-tw",
    "updated": 0
  },
  {
    "id": "dad8160f-7683-4c44-ac6b-6702d3dc88bb",
    "data": [
      {
        "text": "請問有什麼最新推出的壽司值得推薦的？",
        "userDefined": false
      }
    ],
    "isTemplate": false,
    "count": 0,
    "lang": "zh-tw",
    "updated": 0
  },
  {
    "id": "06c28355-b491-4421-b52b-5079fb7495af",
    "data": [
      {
        "text": "請給我推薦一個最新的壽司選擇，謝謝！",
        "userDefined": false
      }
    ],
    "isTemplate": false,
    "count": 0,
    "lang": "zh-tw",
    "updated": 0
  },
  {
    "id": "2b0fdfa9-190e-4404-9bbf-56102fabeb2f",
    "data": [
      {
        "text": "有什麼剛上市的最新壽司可以推薦給我嗎？",
        "userDefined": false
      }
    ],
    "isTemplate": false,
    "count": 0,
    "lang": "zh-tw",
    "updated": 0
  },
  {
    "id": "7696decc-f927-49a2-a4f1-42a0b2c27472",
    "data": [
      {
        "text": "能給我推薦一些最新推出的壽司品項嗎？",
        "userDefined": false
      }
    ],
    "isTemplate": false,
    "count": 0,
    "lang": "zh-tw",
    "updated": 0
  },
  {
    "id": "d7ca34ba-7f23-4e1f-b13e-e1a19ac199a4",
    "data": [
      {
        "text": "請問有什麼新品壽司可以推薦嗎？",
        "userDefined": false
      }
    ],
    "isTemplate": false,
    "count": 0,
    "lang": "zh-tw",
    "updated": 0
  },
  {
    "id": "35b195bd-4689-4da9-9f40-e7bbbe179402",
    "data": [
      {
        "text": "請問有什麼新的季節壽司可以推薦給我嗎？",
        "userDefined": false
      }
    ],
    "isTemplate": false,
    "count": 0,
    "lang": "zh-tw",
    "updated": 0
  },
  {
    "id": "9d041411-16ba-447a-88e2-316aa8c7ef59",
    "data": [
      {
        "text": "我對新品有興趣，能推薦一些嗎？",
        "userDefined": false
      }
    ],
    "isTemplate": false,
    "count": 0,
    "lang": "zh-tw",
    "updated": 0
  },
  {
    "id": "7658b060-aeb4-4d6d-a6fc-070d0030facd",
    "data": [
      {
        "text": "你們有什麼創新的壽司可以推薦給我嗎？",
        "userDefined": false
      }
    ],
    "isTemplate": false,
    "count": 0,
    "lang": "zh-tw",
    "updated": 0
  },
  {
    "id": "bd3d96e0-9783-48a2-b4f5-95b9b699a84d",
    "data": [
      {
        "text": "麻煩給我推薦一個令人驚艷的新品壽司選擇，謝謝！",
        "userDefined": false
      }
    ],
    "isTemplate": false,
    "count": 0,
    "lang": "zh-tw",
    "updated": 0
  },
  {
    "id": "9bd3dbd5-94cb-4628-b035-7c139976d0c7",
    "data": [
      {
        "text": "我想嚐試一些新鮮的壽司口味，可以推薦一下嗎？",
        "userDefined": false
      }
    ],
    "isTemplate": false,
    "count": 0,
    "lang": "zh-tw",
    "updated": 0
  },
  {
    "id": "cfe0d6ca-7848-40f7-b415-10839dde1c35",
    "data": [
      {
        "text": "能給我一些建議，推薦一些新品壽司嗎？",
        "userDefined": false
      }
    ],
    "isTemplate": false,
    "count": 0,
    "lang": "zh-tw",
    "updated": 0
  },
  {
    "id": "8565c7a9-da3e-4afa-a5db-8d97bb211545",
    "data": [
      {
        "text": "你們最新推出的壽司有什麼值得推薦的？",
        "userDefined": false
      }
    ],
    "isTemplate": false,
    "count": 0,
    "lang": "zh-tw",
    "updated": 0
  },
  {
    "id": "2062747b-5416-4b23-aa87-bb96a78d40b3",
    "data": [
      {
        "text": "最近有什麼新品嗎？",
        "userDefined": false
      }
    ],
    "isTemplate": false,
    "count": 0,
    "lang": "zh-tw",
    "updated": 0
  }
]