[
  {
    "id": "933d7e0e-f924-4519-aa59-be9c7d718a8b",
    "data": [
      {
        "text": "好呀",
        "userDefined": false
      }
    ],
    "isTemplate": false,
    "count": 0,
    "lang": "zh-tw",
    "updated": 0
  },
  {
    "id": "242dbbf4-b18d-4819-8fd3-00722979ca71",
    "data": [
      {
        "text": "下單謝謝",
        "userDefined": false
      }
    ],
    "isTemplate": false,
    "count": 0,
    "lang": "zh-tw",
    "updated": 0
  },
  {
    "id": "809583c5-2178-4369-a7f3-23e0cce419a7",
    "data": [
      {
        "text": "買單",
        "userDefined": false
      }
    ],
    "isTemplate": false,
    "count": 0,
    "lang": "zh-tw",
    "updated": 0
  },
  {
    "id": "60bc27ef-29cb-4506-a61b-3a3912eccfae",
    "data": [
      {
        "text": "送出訂單",
        "userDefined": false
      }
    ],
    "isTemplate": false,
    "count": 1,
    "lang": "zh-tw",
    "updated": 0
  },
  {
    "id": "3e027fd9-ca2b-444c-a849-c9d48d100056",
    "data": [
      {
        "text": "送出",
        "userDefined": false
      }
    ],
    "isTemplate": false,
    "count": 0,
    "lang": "zh-tw",
    "updated": 0
  },
  {
    "id": "aa31965d-fffc-411d-b9e7-27e9bc47864a",
    "data": [
      {
        "text": "幫我送出訂單",
        "userDefined": false
      }
    ],
    "isTemplate": false,
    "count": 0,
    "lang": "zh-tw",
    "updated": 0
  },
  {
    "id": "ee16b334-cf80-4610-81cb-be99f2e71d8b",
    "data": [
      {
        "text": "要要",
        "userDefined": false
      }
    ],
    "isTemplate": false,
    "count": 0,
    "lang": "zh-tw",
    "updated": 0
  },
  {
    "id": "7c775183-4f61-4ced-9456-86ebc5f89af7",
    "data": [
      {
        "text": "好啊",
        "userDefined": false
      }
    ],
    "isTemplate": false,
    "count": 0,
    "lang": "zh-tw",
    "updated": 0
  },
  {
    "id": "9166b4bb-2e4a-4656-8ac8-593740bc531f",
    "data": [
      {
        "text": "好的",
        "userDefined": false
      }
    ],
    "isTemplate": false,
    "count": 1,
    "lang": "zh-tw",
    "updated": 0
  },
  {
    "id": "2ca8c9e3-1120-4de5-a76b-40c64b70dc72",
    "data": [
      {
        "text": "下單",
        "userDefined": false
      }
    ],
    "isTemplate": false,
    "count": 1,
    "lang": "zh-tw",
    "updated": 0
  },
  {
    "id": "182d5314-2c65-45e4-ba3a-053c979aeb89",
    "data": [
      {
        "text": "是的",
        "userDefined": false
      }
    ],
    "isTemplate": false,
    "count": 0,
    "lang": "zh-tw",
    "updated": 0
  },
  {
    "id": "b9c8fef7-231b-430a-9602-5d1392d81a15",
    "data": [
      {
        "text": "是",
        "userDefined": false
      }
    ],
    "isTemplate": false,
    "count": 0,
    "lang": "zh-tw",
    "updated": 0
  },
  {
    "id": "7ecb9692-4ace-4513-a82b-759a4d48fbe5",
    "data": [
      {
        "text": "麻煩了",
        "userDefined": false
      }
    ],
    "isTemplate": false,
    "count": 0,
    "lang": "zh-tw",
    "updated": 0
  },
  {
    "id": "50bbac82-fc09-4527-81c1-1d98ebf8cab3",
    "data": [
      {
        "text": "太棒了謝謝",
        "userDefined": false
      }
    ],
    "isTemplate": false,
    "count": 0,
    "lang": "zh-tw",
    "updated": 0
  },
  {
    "id": "f31e828c-c72d-467c-9839-2c176d05c997",
    "data": [
      {
        "text": "沒問題",
        "userDefined": false
      }
    ],
    "isTemplate": false,
    "count": 0,
    "lang": "zh-tw",
    "updated": 0
  },
  {
    "id": "957f9f3a-f8a0-4d28-9f90-65409bd1a53e",
    "data": [
      {
        "text": "好，謝謝",
        "userDefined": false
      }
    ],
    "isTemplate": false,
    "count": 0,
    "lang": "zh-tw",
    "updated": 0
  },
  {
    "id": "8f01e61e-d171-47f3-9d8e-8834622143e5",
    "data": [
      {
        "text": "要",
        "userDefined": false
      }
    ],
    "isTemplate": false,
    "count": 0,
    "lang": "zh-tw",
    "updated": 0
  },
  {
    "id": "a4975d03-ee1b-4b60-a1b0-906a49d53307",
    "data": [
      {
        "text": "好",
        "userDefined": false
      }
    ],
    "isTemplate": false,
    "count": 0,
    "lang": "zh-tw",
    "updated": 0
  }
]