[
  {
    "id": "286da1f5-2e8f-48a0-90be-4c5d81d4818c",
    "data": [
      {
        "text": "不用了，謝謝",
        "userDefined": false
      }
    ],
    "isTemplate": false,
    "count": 0,
    "lang": "zh-tw",
    "updated": 0
  },
  {
    "id": "3096cf67-cf90-4cca-83c5-30ceadd67867",
    "data": [
      {
        "text": "不用麻煩",
        "userDefined": false
      }
    ],
    "isTemplate": false,
    "count": 0,
    "lang": "zh-tw",
    "updated": 0
  },
  {
    "id": "98582992-87b7-4756-865e-83966ccc7627",
    "data": [
      {
        "text": "否",
        "userDefined": false
      }
    ],
    "isTemplate": false,
    "count": 0,
    "lang": "zh-tw",
    "updated": 0
  },
  {
    "id": "7f718d55-2c91-4cb2-be5e-b5e0e9f09c6c",
    "data": [
      {
        "text": "不",
        "userDefined": false
      }
    ],
    "isTemplate": false,
    "count": 0,
    "lang": "zh-tw",
    "updated": 0
  },
  {
    "id": "105611c2-306e-4466-86cc-053472de776d",
    "data": [
      {
        "text": "不要",
        "userDefined": false
      }
    ],
    "isTemplate": false,
    "count": 0,
    "lang": "zh-tw",
    "updated": 0
  },
  {
    "id": "208facdb-9a4b-4c86-ae6c-dd448648352a",
    "data": [
      {
        "text": "不用了",
        "userDefined": false
      }
    ],
    "isTemplate": false,
    "count": 0,
    "lang": "zh-tw",
    "updated": 0
  }
]