[
  {
    "id": "65b0acba-aaf7-4b7d-b371-9849d1078143",
    "data": [
      {
        "text": "寄出訂單",
        "userDefined": false
      }
    ],
    "isTemplate": false,
    "count": 0,
    "lang": "zh-tw",
    "updated": 0
  },
  {
    "id": "e39659f2-0bbe-421a-88ae-98d9d58e306d",
    "data": [
      {
        "text": "下單",
        "userDefined": false
      }
    ],
    "isTemplate": false,
    "count": 0,
    "lang": "zh-tw",
    "updated": 0
  },
  {
    "id": "3c8ef6d5-7f66-48c4-9be0-c437435ff255",
    "data": [
      {
        "text": "送出訂單",
        "userDefined": false
      }
    ],
    "isTemplate": false,
    "count": 0,
    "lang": "zh-tw",
    "updated": 0
  },
  {
    "id": "3f1af314-a094-439a-ad2a-df4e46e40ebc",
    "data": [
      {
        "text": "買單",
        "userDefined": false
      }
    ],
    "isTemplate": false,
    "count": 0,
    "lang": "zh-tw",
    "updated": 0
  },
  {
    "id": "bad7bd93-f898-4bd5-aad0-13429ffd38ce",
    "data": [
      {
        "text": "我要下單",
        "userDefined": false
      }
    ],
    "isTemplate": false,
    "count": 0,
    "lang": "zh-tw",
    "updated": 0
  },
  {
    "id": "ea01e5c4-8dc2-4058-a70a-5bb50bc73a24",
    "data": [
      {
        "text": "不",
        "userDefined": false
      }
    ],
    "isTemplate": false,
    "count": 0,
    "lang": "zh-tw",
    "updated": 0
  },
  {
    "id": "4e8503c7-2a87-454f-bbb9-d7641d4202f2",
    "data": [
      {
        "text": "無",
        "userDefined": false
      }
    ],
    "isTemplate": false,
    "count": 0,
    "lang": "zh-tw",
    "updated": 0
  },
  {
    "id": "f358870f-6624-484b-85e2-66b4b77cee39",
    "data": [
      {
        "text": "不需要",
        "userDefined": false
      }
    ],
    "isTemplate": false,
    "count": 0,
    "lang": "zh-tw",
    "updated": 0
  },
  {
    "id": "0d6a7acb-1ae6-4393-9097-bbd8cfa44ad5",
    "data": [
      {
        "text": "才不要",
        "userDefined": false
      }
    ],
    "isTemplate": false,
    "count": 0,
    "lang": "zh-tw",
    "updated": 0
  },
  {
    "id": "9e6693f9-bc95-4384-88c5-ad955c9f57c0",
    "data": [
      {
        "text": "不要",
        "userDefined": false
      }
    ],
    "isTemplate": false,
    "count": 0,
    "lang": "zh-tw",
    "updated": 0
  },
  {
    "id": "94de477c-a1e5-4e8e-97c6-cc68805741dc",
    "data": [
      {
        "text": "否",
        "userDefined": false
      }
    ],
    "isTemplate": false,
    "count": 0,
    "lang": "zh-tw",
    "updated": 0
  },
  {
    "id": "78a300d1-148e-4ec3-aac6-7a2d09f45a69",
    "data": [
      {
        "text": "不了",
        "userDefined": false
      }
    ],
    "isTemplate": false,
    "count": 0,
    "lang": "zh-tw",
    "updated": 0
  },
  {
    "id": "093c36bd-e0e0-47be-b3f5-9bca74f06eec",
    "data": [
      {
        "text": "不用",
        "userDefined": false
      }
    ],
    "isTemplate": false,
    "count": 0,
    "lang": "zh-tw",
    "updated": 0
  }
]