[
  {
    "id": "5c811abc-b6d8-4756-84d0-3b1a46553361",
    "data": [
      {
        "text": "明細",
        "userDefined": false
      }
    ],
    "isTemplate": false,
    "count": 0,
    "lang": "zh-tw",
    "updated": 0
  },
  {
    "id": "4306c7bc-db4c-440d-87e0-4e6eaa3266e3",
    "data": [
      {
        "text": "購物車",
        "userDefined": false
      }
    ],
    "isTemplate": false,
    "count": 0,
    "lang": "zh-tw",
    "updated": 0
  },
  {
    "id": "88d3bb6f-11ee-46b6-88cc-e9bcc16b8d3d",
    "data": [
      {
        "text": "我要看明細",
        "userDefined": false
      }
    ],
    "isTemplate": false,
    "count": 0,
    "lang": "zh-tw",
    "updated": 0
  },
  {
    "id": "3502a363-874c-4b71-9f2f-392e3e84b063",
    "data": [
      {
        "text": "查看明細",
        "userDefined": false
      }
    ],
    "isTemplate": false,
    "count": 0,
    "lang": "zh-tw",
    "updated": 0
  }
]