[
  {
    "value": "鮪魚",
    "synonyms": [
      "鮪魚",
      "鮪"
    ]
  },
  {
    "value": "鮭魚",
    "synonyms": [
      "鮭魚"
    ]
  },
  {
    "value": "洋蔥鮭魚",
    "synonyms": [
      "洋蔥鮭魚",
      "洋蔥"
    ]
  },
  {
    "value": "炙燒起司鮮蝦",
    "synonyms": [
      "炙燒起司鮮蝦",
      "起司鮮蝦",
      "起司蝦",
      "炙燒蝦"
    ]
  },
  {
    "value": "甜蝦",
    "synonyms": [
      "甜蝦",
      "甜蝦飯"
    ]
  },
  {
    "value": "麻辣赤蝦",
    "synonyms": [
      "麻辣赤蝦",
      "麻辣",
      "赤蝦"
    ]
  },
  {
    "value": "花枝",
    "synonyms": [
      "花枝"
    ]
  },
  {
    "value": "極上蟹肉棒",
    "synonyms": [
      "極上蟹肉棒",
      "蟹肉棒"
    ]
  },
  {
    "value": "玉子",
    "synonyms": [
      "玉子",
      "蛋"
    ]
  },
  {
    "value": "鮮蝦3貫",
    "synonyms": [
      "鮮蝦3貫",
      "鮮蝦三貫",
      "鮮蝦"
    ]
  },
  {
    "value": "極上鰻魚",
    "synonyms": [
      "極上鰻魚",
      "鰻魚",
      "鰻"
    ]
  },
  {
    "value": "醬烤日本產貝柱",
    "synonyms": [
      "醬烤日本產貝柱",
      "干貝",
      "貝柱",
      "醬烤",
      "干貝柱"
    ]
  },
  {
    "value": "特大草蝦天婦羅",
    "synonyms": [
      "特大草蝦天婦羅",
      "草蝦",
      "天婦羅"
    ]
  },
  {
    "value": "甜蝦軍艦",
    "synonyms": [
      "甜蝦軍艦",
      "海苔甜蝦"
    ]
  },
  {
    "value": "炸蝦酪梨卷",
    "synonyms": [
      "炸蝦酪梨卷",
      "炸蝦",
      "酪梨",
      "酪梨蝦"
    ]
  },
  {
    "value": "照燒豬五花",
    "synonyms": [
      "照燒豬五花",
      "豬肉",
      "照燒豬肉",
      "五花肉",
      "五花",
      "豬五花"
    ]
  },
  {
    "value": "炙燒起司培根",
    "synonyms": [
      "炙燒起司培根",
      "培根",
      "炙燒培根",
      "起司培根",
      "培根起司",
      "培根起司炙燒"
    ]
  },
  {
    "value": "炙燒辣味明太子",
    "synonyms": [
      "炙燒辣味明太子",
      "明太子",
      "明太子辣味"
    ]
  },
  {
    "value": "鹽味牛排",
    "synonyms": [
      "鹽味牛排",
      "牛排",
      "牛肉"
    ]
  },
  {
    "value": "黑胡椒煙燻合鴨",
    "synonyms": [
      "黑胡椒煙燻合鴨",
      "鴨",
      "燻鴨",
      "煙燻鴨肉",
      "黑胡椒煙燻",
      "鴨肉",
      "鴨子"
    ]
  },
  {
    "value": "飛魚卵軍艦",
    "synonyms": [
      "飛魚卵軍艦",
      "飛魚卵",
      "飛魚卵海苔",
      "海苔飛魚卵"
    ]
  },
  {
    "value": "蝦肉沙拉軍艦",
    "synonyms": [
      "蝦肉沙拉軍艦",
      "蝦肉沙拉",
      "海苔蝦肉",
      "海苔蝦肉沙拉"
    ]
  },
  {
    "value": "玉米沙拉軍艦",
    "synonyms": [
      "玉米沙拉軍艦",
      "玉米沙拉",
      "海苔玉米",
      "玉米海苔",
      "玉米"
    ]
  },
  {
    "value": "納豆軍艦",
    "synonyms": [
      "納豆軍艦",
      "納豆",
      "豆"
    ]
  }
]